firstName,secondName,gender,email,phoneNumber
Casey,Anderson,Male,casey.anderson@example.com,987-955-1480
Casey,Jackson,Female,casey.jackson@example.com,833-859-7195
Morgan,Jackson,Male,morgan.jackson@example.com,855-537-7069
Jamie,Harris,Male,jamie.harris@example.com,420-698-1673
Casey,Anderson,Non-binary,casey.anderson@example.com,398-409-7816
Jamie,Anderson,Female,jamie.anderson@example.com,394-318-4550
Pat,Johnson,Male,pat.johnson@example.com,967-185-6542
John,Doe,Female,john.doe@example.com,533-729-9954
Alex,Anderson,Female,alex.anderson@example.com,446-538-6646
Jane,Jackson,Male,jane.jackson@example.com,233-423-4654
Jane,Jackson,Non-binary,jane.jackson@example.com,212-627-2235
John,Jackson,Female,john.jackson@example.com,786-375-6615
Jamie,Johnson,Male,jamie.johnson@example.com,324-387-6240
Pat,Johnson,Female,pat.johnson@example.com,372-230-6437
Casey,Thomas,Non-binary,casey.thomas@example.com,856-102-2569
Jordan,White,Non-binary,jordan.white@example.com,801-613-3754
Jane,Smith,Female,jane.smith@example.com,876-167-3451
John,White,Male,john.white@example.com,111-764-5994
Taylor,White,Male,taylor.white@example.com,409-988-2012
Morgan,Taylor,Male,morgan.taylor@example.com,412-422-6344
Morgan,Smith,Male,morgan.smith@example.com,296-890-7494
Alex,Doe,Non-binary,alex.doe@example.com,740-603-7257
Casey,White,Non-binary,casey.white@example.com,212-611-4512
Alex,Jackson,Male,alex.jackson@example.com,624-850-3557
Alex,Brown,Non-binary,alex.brown@example.com,157-259-7271
Casey,White,Male,casey.white@example.com,599-403-8917
Jordan,White,Male,jordan.white@example.com,525-915-4257
Jane,Brown,Female,jane.brown@example.com,878-161-1491
Alex,Brown,Non-binary,alex.brown@example.com,327-855-9855
Chris,Thomas,Male,chris.thomas@example.com,744-801-6671
Alex,Taylor,Non-binary,alex.taylor@example.com,298-719-7043
Morgan,Doe,Female,morgan.doe@example.com,373-977-7445
Pat,White,Female,pat.white@example.com,418-799-6394
Jane,Harris,Male,jane.harris@example.com,757-680-9512
Chris,Anderson,Non-binary,chris.anderson@example.com,554-773-1143
Alex,Harris,Male,alex.harris@example.com,845-274-7667
Jamie,Doe,Female,jamie.doe@example.com,293-132-5548
Jamie,Thomas,Non-binary,jamie.thomas@example.com,170-183-2632
John,Thomas,Non-binary,john.thomas@example.com,592-433-3154
Casey,Anderson,Female,casey.anderson@example.com,769-615-8860
Morgan,Doe,Female,morgan.doe@example.com,696-964-7965
Jordan,Jackson,Male,jordan.jackson@example.com,253-152-6736
Chris,Thomas,Non-binary,chris.thomas@example.com,902-181-6441
Pat,Thomas,Female,pat.thomas@example.com,636-474-4145
Chris,Jackson,Male,chris.jackson@example.com,538-274-3522
Casey,Thomas,Male,casey.thomas@example.com,311-426-3027
Pat,Anderson,Female,pat.anderson@example.com,128-432-1678
Jordan,Jackson,Female,jordan.jackson@example.com,451-667-6832
Alex,Smith,Male,alex.smith@example.com,149-905-5628
John,Jackson,Non-binary,john.jackson@example.com,250-493-5108
Jane,Brown,Non-binary,jane.brown@example.com,119-347-6368
Morgan,Brown,Non-binary,morgan.brown@example.com,274-783-3938
Jane,Jackson,Non-binary,jane.jackson@example.com,464-221-8497
Jane,Johnson,Female,jane.johnson@example.com,410-920-7599
Taylor,Thomas,Female,taylor.thomas@example.com,241-771-3692
Jordan,Brown,Male,jordan.brown@example.com,744-759-9672
Casey,Johnson,Female,casey.johnson@example.com,904-485-6919
Casey,Taylor,Non-binary,casey.taylor@example.com,683-345-9213
Pat,Jackson,Female,pat.jackson@example.com,695-357-2621
Chris,Taylor,Non-binary,chris.taylor@example.com,605-403-1138
Chris,Anderson,Non-binary,chris.anderson@example.com,407-266-1884
Taylor,Doe,Male,taylor.doe@example.com,325-942-5007
John,Taylor,Male,john.taylor@example.com,870-879-2975
Casey,White,Male,casey.white@example.com,164-939-3782
Jamie,Taylor,Female,jamie.taylor@example.com,823-130-5732
Morgan,Anderson,Female,morgan.anderson@example.com,875-871-6483
John,Smith,Female,john.smith@example.com,258-168-2829
Jane,Harris,Female,jane.harris@example.com,380-399-6241
Taylor,Taylor,Non-binary,taylor.taylor@example.com,184-740-7915
Jamie,Doe,Female,jamie.doe@example.com,164-761-7832
Jane,Smith,Male,jane.smith@example.com,965-163-9322
Pat,White,Male,pat.white@example.com,828-179-3937
Jane,Anderson,Non-binary,jane.anderson@example.com,549-561-8707
Jane,Jackson,Female,jane.jackson@example.com,397-966-9660
Casey,Johnson,Non-binary,casey.johnson@example.com,998-724-1107
Morgan,White,Male,morgan.white@example.com,396-405-9104
Pat,Brown,Female,pat.brown@example.com,999-368-4385
Jordan,Johnson,Female,jordan.johnson@example.com,860-134-1059
Jordan,Harris,Male,jordan.harris@example.com,847-564-4947
Jordan,Johnson,Female,jordan.johnson@example.com,775-877-5759
Morgan,Thomas,Non-binary,morgan.thomas@example.com,306-400-2993
Pat,Smith,Non-binary,pat.smith@example.com,485-607-8785
Jamie,Taylor,Male,jamie.taylor@example.com,931-157-9298
Casey,Harris,Female,casey.harris@example.com,130-723-2218
Jamie,Johnson,Male,jamie.johnson@example.com,203-536-5772
John,Johnson,Male,john.johnson@example.com,363-526-5585
Taylor,Johnson,Male,taylor.johnson@example.com,312-261-7148
Jamie,Johnson,Male,jamie.johnson@example.com,889-419-5335
Pat,White,Non-binary,pat.white@example.com,835-675-1187
Jamie,Smith,Female,jamie.smith@example.com,125-528-6669
Jordan,Thomas,Male,jordan.thomas@example.com,555-382-5483
Morgan,Smith,Non-binary,morgan.smith@example.com,326-246-5639
Casey,Thomas,Male,casey.thomas@example.com,254-667-3354
Jordan,Harris,Non-binary,jordan.harris@example.com,929-126-2242
John,Anderson,Male,john.anderson@example.com,903-659-7199
Jane,Harris,Non-binary,jane.harris@example.com,882-300-2880
Chris,Taylor,Female,chris.taylor@example.com,790-950-2731
Alex,Jackson,Non-binary,alex.jackson@example.com,456-952-3822
Casey,Doe,Male,casey.doe@example.com,341-306-2828
Casey,White,Female,casey.white@example.com,749-937-9273
Taylor,Smith,Non-binary,taylor.smith@example.com,205-688-4328
Jordan,White,Male,jordan.white@example.com,729-663-8765
John,White,Non-binary,john.white@example.com,485-786-7496
Chris,Harris,Non-binary,chris.harris@example.com,786-483-7549
Jordan,Jackson,Male,jordan.jackson@example.com,168-360-6168
Alex,Harris,Female,alex.harris@example.com,151-951-2638
Jane,Taylor,Female,jane.taylor@example.com,659-212-6981
Jordan,Smith,Female,jordan.smith@example.com,812-710-8022
Taylor,Anderson,Female,taylor.anderson@example.com,457-237-3591
Alex,Jackson,Female,alex.jackson@example.com,143-775-5423
Jordan,Doe,Male,jordan.doe@example.com,650-406-8746
Pat,Johnson,Non-binary,pat.johnson@example.com,859-918-3611
Jane,Harris,Non-binary,jane.harris@example.com,296-443-1167
John,Anderson,Non-binary,john.anderson@example.com,868-276-2292
John,Johnson,Male,john.johnson@example.com,487-793-2118
Morgan,Smith,Non-binary,morgan.smith@example.com,797-766-9973
Jamie,Smith,Female,jamie.smith@example.com,314-171-8361
Casey,Harris,Female,casey.harris@example.com,566-897-9311
Pat,Johnson,Male,pat.johnson@example.com,180-266-8557
Casey,Thomas,Non-binary,casey.thomas@example.com,101-829-4678
Jamie,Anderson,Non-binary,jamie.anderson@example.com,386-720-6201
Morgan,Smith,Female,morgan.smith@example.com,445-822-6188
John,Taylor,Male,john.taylor@example.com,728-449-6170
Pat,Anderson,Male,pat.anderson@example.com,330-682-3026
Taylor,Thomas,Male,taylor.thomas@example.com,129-295-9803
Pat,Smith,Female,pat.smith@example.com,202-402-1190
Taylor,White,Male,taylor.white@example.com,697-518-4355
Jane,Brown,Non-binary,jane.brown@example.com,598-361-5768
Jordan,Jackson,Male,jordan.jackson@example.com,577-981-1478
Taylor,Brown,Female,taylor.brown@example.com,652-987-3342
Jane,Taylor,Male,jane.taylor@example.com,669-981-3828
Jane,White,Male,jane.white@example.com,850-924-2202
John,Thomas,Female,john.thomas@example.com,874-863-7952
Chris,Taylor,Non-binary,chris.taylor@example.com,337-696-6672
Jane,Doe,Female,jane.doe@example.com,423-555-6965
John,Doe,Female,john.doe@example.com,394-447-1242
Casey,White,Male,casey.white@example.com,818-117-6158
Casey,Taylor,Male,casey.taylor@example.com,220-839-2121
Pat,Taylor,Female,pat.taylor@example.com,264-960-1715
Casey,Thomas,Male,casey.thomas@example.com,300-175-5742
Casey,Smith,Female,casey.smith@example.com,278-152-3233
Taylor,Smith,Female,taylor.smith@example.com,521-252-1613
Morgan,Brown,Non-binary,morgan.brown@example.com,368-633-9155
Jordan,Doe,Female,jordan.doe@example.com,659-563-9979
Jane,Brown,Female,jane.brown@example.com,374-715-7752
John,Doe,Non-binary,john.doe@example.com,414-242-9203
Morgan,Doe,Female,morgan.doe@example.com,705-203-1985
Jordan,Taylor,Male,jordan.taylor@example.com,666-842-7617
John,Johnson,Male,john.johnson@example.com,148-996-7895
Jordan,Thomas,Female,jordan.thomas@example.com,743-172-4965
Jordan,Jackson,Male,jordan.jackson@example.com,824-471-5595
Chris,Jackson,Male,chris.jackson@example.com,392-819-7100
Pat,Johnson,Male,pat.johnson@example.com,918-907-2165
Jordan,Smith,Female,jordan.smith@example.com,557-269-8497
Morgan,Doe,Female,morgan.doe@example.com,878-115-7068
Taylor,Jackson,Female,taylor.jackson@example.com,805-861-6049
Taylor,Taylor,Female,taylor.taylor@example.com,737-312-9711
Morgan,Johnson,Non-binary,morgan.johnson@example.com,310-404-8302
Jordan,Taylor,Non-binary,jordan.taylor@example.com,452-763-9759
Morgan,Jackson,Male,morgan.jackson@example.com,859-611-6599
Casey,Taylor,Non-binary,casey.taylor@example.com,497-669-4588
Jordan,Thomas,Non-binary,jordan.thomas@example.com,351-251-9114
Morgan,Taylor,Non-binary,morgan.taylor@example.com,594-139-6869
Alex,Smith,Female,alex.smith@example.com,256-886-6435
Jordan,Smith,Female,jordan.smith@example.com,859-565-3908
Morgan,Thomas,Non-binary,morgan.thomas@example.com,387-449-5682
Casey,Harris,Female,casey.harris@example.com,741-962-6041
John,Brown,Male,john.brown@example.com,985-250-5727
Alex,Johnson,Non-binary,alex.johnson@example.com,187-322-5554
Taylor,Johnson,Non-binary,taylor.johnson@example.com,145-906-5313
Casey,Smith,Male,casey.smith@example.com,172-193-2265
Jane,White,Female,jane.white@example.com,326-192-3753
Casey,Harris,Female,casey.harris@example.com,572-341-8895
Casey,Anderson,Male,casey.anderson@example.com,964-770-6447
Jamie,Taylor,Male,jamie.taylor@example.com,510-496-7905
Chris,Brown,Male,chris.brown@example.com,560-230-3720
Morgan,Brown,Non-binary,morgan.brown@example.com,947-640-6112
Jane,White,Non-binary,jane.white@example.com,514-722-7781
Jane,Doe,Female,jane.doe@example.com,757-685-4410
Alex,White,Female,alex.white@example.com,718-794-6886
Jane,Anderson,Non-binary,jane.anderson@example.com,379-463-6359
Pat,Jackson,Male,pat.jackson@example.com,765-224-4319
Alex,Taylor,Non-binary,alex.taylor@example.com,807-362-4829
Chris,Jackson,Male,chris.jackson@example.com,283-287-2750
Casey,White,Non-binary,casey.white@example.com,331-599-2468
Casey,Smith,Non-binary,casey.smith@example.com,490-643-1087
Taylor,Taylor,Female,taylor.taylor@example.com,708-966-1044
Taylor,Doe,Female,taylor.doe@example.com,584-966-5689
John,Taylor,Female,john.taylor@example.com,990-164-5045
Morgan,Brown,Male,morgan.brown@example.com,551-322-1563
Chris,Brown,Female,chris.brown@example.com,318-652-8791
Morgan,Harris,Male,morgan.harris@example.com,263-209-1916
Jamie,Harris,Female,jamie.harris@example.com,619-773-5567
Jamie,Smith,Non-binary,jamie.smith@example.com,584-529-1192
Chris,Jackson,Male,chris.jackson@example.com,434-164-4720
Chris,Johnson,Female,chris.johnson@example.com,955-743-6942
Alex,Taylor,Female,alex.taylor@example.com,492-998-8338
John,Johnson,Female,john.johnson@example.com,567-587-6431
Jordan,Harris,Male,jordan.harris@example.com,196-969-5527
Morgan,Harris,Female,morgan.harris@example.com,937-262-3770
Jordan,Jackson,Non-binary,jordan.jackson@example.com,744-456-5293
John,Brown,Male,john.brown@example.com,308-319-9169
Casey,Thomas,Female,casey.thomas@example.com,168-250-2369
Taylor,Jackson,Non-binary,taylor.jackson@example.com,455-197-7929
Morgan,White,Female,morgan.white@example.com,770-500-4786
Taylor,Jackson,Female,taylor.jackson@example.com,753-293-1129
Taylor,Johnson,Non-binary,taylor.johnson@example.com,991-227-2006
Morgan,Jackson,Male,morgan.jackson@example.com,963-746-9736
Jane,Jackson,Female,jane.jackson@example.com,577-187-3629
Pat,White,Non-binary,pat.white@example.com,953-290-5702
Chris,Doe,Female,chris.doe@example.com,462-783-1786
Chris,Taylor,Male,chris.taylor@example.com,696-122-6690
Jordan,Brown,Non-binary,jordan.brown@example.com,554-228-1189
Casey,Thomas,Non-binary,casey.thomas@example.com,975-874-1708
Jamie,Thomas,Female,jamie.thomas@example.com,586-134-8510
Jordan,Thomas,Male,jordan.thomas@example.com,486-223-8614
John,Smith,Female,john.smith@example.com,556-816-6106
Pat,White,Male,pat.white@example.com,751-585-8266
Morgan,Thomas,Male,morgan.thomas@example.com,622-450-7592
Morgan,Doe,Female,morgan.doe@example.com,318-167-3743
Alex,Taylor,Male,alex.taylor@example.com,991-367-3727
John,Brown,Male,john.brown@example.com,936-449-8124
Chris,Taylor,Female,chris.taylor@example.com,662-117-6927
Chris,Jackson,Male,chris.jackson@example.com,846-748-4993
Casey,Smith,Male,casey.smith@example.com,654-901-3131
John,Anderson,Male,john.anderson@example.com,289-135-7162
Jordan,Thomas,Non-binary,jordan.thomas@example.com,639-453-4803
Jamie,Jackson,Female,jamie.jackson@example.com,601-643-9796
Alex,Taylor,Female,alex.taylor@example.com,616-830-2550
Alex,Jackson,Non-binary,alex.jackson@example.com,248-422-5337
Casey,Taylor,Male,casey.taylor@example.com,897-428-3962
John,Harris,Male,john.harris@example.com,937-767-7027
Chris,Brown,Male,chris.brown@example.com,619-317-3210
Jordan,Doe,Non-binary,jordan.doe@example.com,660-702-7624
Casey,Smith,Non-binary,casey.smith@example.com,224-247-7106
Jamie,Jackson,Female,jamie.jackson@example.com,461-899-6126
Alex,Smith,Non-binary,alex.smith@example.com,961-574-1694
Jane,Brown,Male,jane.brown@example.com,189-894-6274
Chris,Taylor,Non-binary,chris.taylor@example.com,644-924-7368
Morgan,Brown,Male,morgan.brown@example.com,259-348-5603
John,White,Female,john.white@example.com,835-351-1707
Pat,White,Female,pat.white@example.com,307-712-3551
Morgan,Doe,Male,morgan.doe@example.com,480-874-5674
John,Taylor,Female,john.taylor@example.com,843-970-7357
Jordan,Smith,Female,jordan.smith@example.com,380-617-8011
Jane,Johnson,Female,jane.johnson@example.com,558-156-5268
Jordan,Taylor,Female,jordan.taylor@example.com,690-338-4093
John,Thomas,Non-binary,john.thomas@example.com,668-121-3326
Jane,Smith,Male,jane.smith@example.com,601-122-2414
Casey,Brown,Male,casey.brown@example.com,217-836-2997
John,Doe,Male,john.doe@example.com,553-453-4980
Morgan,Johnson,Female,morgan.johnson@example.com,203-618-7227
Pat,Brown,Non-binary,pat.brown@example.com,475-601-4642
Pat,White,Female,pat.white@example.com,635-460-7501
Jordan,Thomas,Male,jordan.thomas@example.com,365-980-5119
Chris,Smith,Female,chris.smith@example.com,262-386-5670
Taylor,Taylor,Male,taylor.taylor@example.com,338-175-1184
Jamie,Doe,Male,jamie.doe@example.com,443-461-4699
Jordan,Brown,Female,jordan.brown@example.com,309-119-7514
Chris,Jackson,Non-binary,chris.jackson@example.com,335-966-9853
Alex,Smith,Non-binary,alex.smith@example.com,891-840-1441
Chris,Taylor,Non-binary,chris.taylor@example.com,132-758-9488
Casey,Thomas,Non-binary,casey.thomas@example.com,274-416-4637
Morgan,Johnson,Male,morgan.johnson@example.com,801-396-6789
Alex,Anderson,Female,alex.anderson@example.com,136-444-9612
Morgan,Smith,Male,morgan.smith@example.com,823-834-5781
Casey,Anderson,Female,casey.anderson@example.com,992-447-6088
Alex,Taylor,Non-binary,alex.taylor@example.com,409-587-2533
Chris,Harris,Female,chris.harris@example.com,628-435-3572
John,Smith,Non-binary,john.smith@example.com,743-241-4063
Taylor,Taylor,Non-binary,taylor.taylor@example.com,325-723-4727
Chris,Brown,Female,chris.brown@example.com,790-352-8276
Morgan,Doe,Female,morgan.doe@example.com,269-489-8265
Pat,Johnson,Male,pat.johnson@example.com,892-592-5321
Chris,Harris,Non-binary,chris.harris@example.com,296-204-5476
Jordan,Johnson,Male,jordan.johnson@example.com,870-118-8144
John,Doe,Female,john.doe@example.com,638-723-6819
Taylor,Doe,Non-binary,taylor.doe@example.com,297-787-2759
Pat,White,Female,pat.white@example.com,706-581-1030
Pat,Taylor,Male,pat.taylor@example.com,691-282-4002
Chris,Harris,Male,chris.harris@example.com,337-105-7838
Jamie,Johnson,Female,jamie.johnson@example.com,193-803-1296
Jordan,Thomas,Non-binary,jordan.thomas@example.com,920-811-3559
Jamie,Taylor,Male,jamie.taylor@example.com,733-872-9189
Taylor,Anderson,Female,taylor.anderson@example.com,468-759-1324
Chris,Brown,Non-binary,chris.brown@example.com,828-542-7869
Alex,Johnson,Female,alex.johnson@example.com,670-844-2599
Morgan,Taylor,Non-binary,morgan.taylor@example.com,971-410-1745
Jamie,Brown,Male,jamie.brown@example.com,156-536-2012
John,Anderson,Male,john.anderson@example.com,832-887-3572
Chris,Thomas,Non-binary,chris.thomas@example.com,447-620-6699
Casey,Thomas,Male,casey.thomas@example.com,611-727-8270
Jamie,Smith,Female,jamie.smith@example.com,173-495-8064
Pat,Smith,Male,pat.smith@example.com,387-208-9284
John,Thomas,Female,john.thomas@example.com,965-783-8569
Morgan,Anderson,Non-binary,morgan.anderson@example.com,672-247-4055
Jordan,Johnson,Male,jordan.johnson@example.com,875-358-9527
Alex,Thomas,Female,alex.thomas@example.com,322-698-1330
Alex,Johnson,Male,alex.johnson@example.com,903-589-9860
Jane,Taylor,Female,jane.taylor@example.com,945-119-6434
Jane,Brown,Female,jane.brown@example.com,620-662-6134
Jamie,Smith,Non-binary,jamie.smith@example.com,585-551-8222
Alex,Taylor,Non-binary,alex.taylor@example.com,123-961-5635
Jane,Taylor,Female,jane.taylor@example.com,430-345-5443
Alex,Taylor,Female,alex.taylor@example.com,900-803-7582
Jane,Harris,Female,jane.harris@example.com,276-159-4978
Jane,Thomas,Non-binary,jane.thomas@example.com,484-437-9551
Jane,Johnson,Male,jane.johnson@example.com,895-613-2315
Pat,Taylor,Male,pat.taylor@example.com,622-912-7433
Morgan,Taylor,Female,morgan.taylor@example.com,471-415-7716
Pat,Johnson,Male,pat.johnson@example.com,998-162-3343
John,Thomas,Female,john.thomas@example.com,555-636-6027
Morgan,Anderson,Female,morgan.anderson@example.com,691-998-3868
Chris,Harris,Male,chris.harris@example.com,322-857-4502
Jordan,Anderson,Non-binary,jordan.anderson@example.com,375-950-6065
Taylor,Anderson,Male,taylor.anderson@example.com,183-780-5638
Taylor,Doe,Male,taylor.doe@example.com,696-130-5024
Chris,Brown,Non-binary,chris.brown@example.com,128-569-5398
Jordan,Taylor,Female,jordan.taylor@example.com,463-610-3562
Alex,Johnson,Female,alex.johnson@example.com,976-685-2080
Pat,Jackson,Male,pat.jackson@example.com,887-820-7595
Alex,Johnson,Female,alex.johnson@example.com,480-700-5266
Taylor,Johnson,Female,taylor.johnson@example.com,343-756-8031
John,Doe,Male,john.doe@example.com,202-591-8452
Casey,Jackson,Male,casey.jackson@example.com,542-301-9585
Chris,Anderson,Female,chris.anderson@example.com,726-439-1623
Taylor,Jackson,Non-binary,taylor.jackson@example.com,953-990-1559
Jane,Taylor,Female,jane.taylor@example.com,145-378-4166
Pat,Taylor,Non-binary,pat.taylor@example.com,232-200-8650
Taylor,Harris,Non-binary,taylor.harris@example.com,808-251-4263
Jamie,Harris,Male,jamie.harris@example.com,578-206-2719
Casey,Thomas,Non-binary,casey.thomas@example.com,835-392-7744
Jordan,Taylor,Non-binary,jordan.taylor@example.com,720-776-3579
Casey,White,Non-binary,casey.white@example.com,962-821-4509
John,Anderson,Non-binary,john.anderson@example.com,886-590-2686
Pat,Jackson,Non-binary,pat.jackson@example.com,449-643-2796
Chris,Jackson,Male,chris.jackson@example.com,248-103-3680
Taylor,Johnson,Female,taylor.johnson@example.com,323-607-8680
Jane,Johnson,Non-binary,jane.johnson@example.com,456-651-7313
Alex,Harris,Female,alex.harris@example.com,598-581-4860
Chris,Jackson,Female,chris.jackson@example.com,677-608-5195
Jane,White,Non-binary,jane.white@example.com,311-991-1874
John,Brown,Female,john.brown@example.com,341-417-7279
Jordan,Brown,Female,jordan.brown@example.com,521-928-4362
Chris,Thomas,Male,chris.thomas@example.com,725-757-4035
Morgan,Smith,Non-binary,morgan.smith@example.com,360-287-9424
Casey,Thomas,Female,casey.thomas@example.com,349-877-8763
Alex,Doe,Non-binary,alex.doe@example.com,993-863-1541
Casey,Brown,Male,casey.brown@example.com,516-964-2530
Alex,Brown,Female,alex.brown@example.com,644-434-3944
Taylor,Johnson,Non-binary,taylor.johnson@example.com,634-895-5027
Alex,Thomas,Female,alex.thomas@example.com,391-605-4888
Casey,Doe,Male,casey.doe@example.com,871-200-1523
Casey,Jackson,Female,casey.jackson@example.com,138-841-1888
Chris,Harris,Non-binary,chris.harris@example.com,950-571-1920
Pat,Johnson,Female,pat.johnson@example.com,202-374-6617
Pat,Johnson,Male,pat.johnson@example.com,506-458-9273
Taylor,Thomas,Female,taylor.thomas@example.com,149-661-7573
Chris,Harris,Non-binary,chris.harris@example.com,226-504-9650
Jordan,White,Non-binary,jordan.white@example.com,824-113-3555
Taylor,Smith,Female,taylor.smith@example.com,155-676-5732
Pat,White,Male,pat.white@example.com,841-911-4369
Jamie,Harris,Female,jamie.harris@example.com,673-509-6744
Alex,Johnson,Non-binary,alex.johnson@example.com,970-681-8859
Chris,Brown,Non-binary,chris.brown@example.com,156-286-2039
Alex,White,Non-binary,alex.white@example.com,824-340-9606
Morgan,Taylor,Male,morgan.taylor@example.com,697-658-4328
John,Johnson,Female,john.johnson@example.com,488-122-1437
Chris,Harris,Female,chris.harris@example.com,557-736-2903
Jordan,Harris,Non-binary,jordan.harris@example.com,361-671-1844
Casey,Johnson,Female,casey.johnson@example.com,134-355-1513
Jamie,Anderson,Male,jamie.anderson@example.com,490-235-4737
Jordan,White,Non-binary,jordan.white@example.com,565-632-8223
Jordan,White,Female,jordan.white@example.com,202-181-2606
Taylor,Doe,Male,taylor.doe@example.com,353-882-6260
Casey,Taylor,Female,casey.taylor@example.com,458-443-2779
Jordan,Doe,Male,jordan.doe@example.com,197-571-9957
Chris,White,Male,chris.white@example.com,763-383-4239
Jane,Anderson,Female,jane.anderson@example.com,725-366-8851
Jordan,Johnson,Female,jordan.johnson@example.com,129-693-5259
Jamie,Johnson,Male,jamie.johnson@example.com,390-358-8514
Morgan,Johnson,Female,morgan.johnson@example.com,384-269-5045
Jamie,Thomas,Female,jamie.thomas@example.com,880-243-7258
Jamie,Taylor,Female,jamie.taylor@example.com,444-351-3476
Jordan,Anderson,Male,jordan.anderson@example.com,150-728-2986
Chris,Harris,Male,chris.harris@example.com,822-190-1268
Jamie,Brown,Female,jamie.brown@example.com,417-754-6439
Casey,Smith,Male,casey.smith@example.com,129-460-8572
Chris,Thomas,Male,chris.thomas@example.com,471-450-4237
Taylor,Thomas,Male,taylor.thomas@example.com,789-780-2389
Jane,Anderson,Male,jane.anderson@example.com,751-890-5160
Jordan,Smith,Non-binary,jordan.smith@example.com,638-647-3137
Morgan,Smith,Non-binary,morgan.smith@example.com,311-622-6424
Casey,Smith,Female,casey.smith@example.com,276-393-5340
Jordan,Harris,Male,jordan.harris@example.com,500-767-4603
Alex,Harris,Non-binary,alex.harris@example.com,874-617-6869
Taylor,Harris,Female,taylor.harris@example.com,418-412-4087
Jane,Taylor,Female,jane.taylor@example.com,849-780-3138
Casey,Doe,Non-binary,casey.doe@example.com,905-593-6981
Casey,Jackson,Male,casey.jackson@example.com,413-332-2626
Casey,Brown,Non-binary,casey.brown@example.com,502-604-3407
Taylor,Jackson,Non-binary,taylor.jackson@example.com,655-316-1394
Casey,Thomas,Female,casey.thomas@example.com,752-832-5742
Jane,White,Male,jane.white@example.com,558-819-4823
Taylor,Thomas,Male,taylor.thomas@example.com,191-944-8039
Casey,Harris,Non-binary,casey.harris@example.com,940-248-7387
Jordan,Brown,Male,jordan.brown@example.com,953-855-2118
Morgan,Taylor,Non-binary,morgan.taylor@example.com,666-550-3170
Jamie,Anderson,Non-binary,jamie.anderson@example.com,306-996-1700
Alex,Brown,Non-binary,alex.brown@example.com,758-197-7361
John,Harris,Non-binary,john.harris@example.com,877-626-4110
Jamie,Doe,Male,jamie.doe@example.com,515-391-7102
Jane,Harris,Male,jane.harris@example.com,432-462-6358
Jamie,Anderson,Non-binary,jamie.anderson@example.com,115-528-5624
Jamie,Smith,Female,jamie.smith@example.com,359-906-2907
Morgan,Taylor,Non-binary,morgan.taylor@example.com,740-481-6861
John,Smith,Female,john.smith@example.com,263-131-4437
Taylor,Harris,Non-binary,taylor.harris@example.com,360-287-4881
Jordan,Johnson,Male,jordan.johnson@example.com,196-249-8592
Pat,Doe,Female,pat.doe@example.com,299-852-9957
Chris,Harris,Male,chris.harris@example.com,966-129-5417
Morgan,Johnson,Non-binary,morgan.johnson@example.com,761-989-6882
Jordan,Harris,Male,jordan.harris@example.com,149-421-3773
Jane,Harris,Female,jane.harris@example.com,728-296-1644
John,Johnson,Male,john.johnson@example.com,590-653-6404
Alex,Smith,Non-binary,alex.smith@example.com,899-480-8675
Taylor,Harris,Non-binary,taylor.harris@example.com,957-933-8088
Alex,Harris,Female,alex.harris@example.com,159-151-5053
Morgan,Brown,Male,morgan.brown@example.com,621-186-1369
John,Smith,Male,john.smith@example.com,158-596-3983
Morgan,Doe,Male,morgan.doe@example.com,601-660-1737
Morgan,Thomas,Female,morgan.thomas@example.com,797-994-6589
John,Anderson,Male,john.anderson@example.com,836-478-7573
John,White,Non-binary,john.white@example.com,324-745-4796
Jamie,Johnson,Female,jamie.johnson@example.com,658-596-4022
Jordan,Johnson,Non-binary,jordan.johnson@example.com,692-585-6180
Jamie,Thomas,Female,jamie.thomas@example.com,963-186-3536
Casey,Smith,Male,casey.smith@example.com,466-403-6050
Pat,Johnson,Male,pat.johnson@example.com,982-840-9094
Jamie,Thomas,Female,jamie.thomas@example.com,199-677-4018
Jordan,Thomas,Male,jordan.thomas@example.com,269-469-1328
Casey,White,Female,casey.white@example.com,766-871-6007
Chris,Jackson,Non-binary,chris.jackson@example.com,753-417-3175
Pat,Anderson,Male,pat.anderson@example.com,676-827-2171
Pat,Harris,Female,pat.harris@example.com,252-281-3624
Taylor,Taylor,Male,taylor.taylor@example.com,982-118-8185
Alex,Thomas,Non-binary,alex.thomas@example.com,115-844-1068
Jane,Brown,Non-binary,jane.brown@example.com,911-237-7274
Pat,Smith,Non-binary,pat.smith@example.com,423-288-6217
Morgan,Harris,Male,morgan.harris@example.com,674-563-5309
Jamie,Brown,Non-binary,jamie.brown@example.com,716-431-2011
Morgan,Taylor,Male,morgan.taylor@example.com,581-457-5852
Jane,Brown,Female,jane.brown@example.com,179-524-7215
Jane,Harris,Female,jane.harris@example.com,979-719-8674
Casey,Anderson,Male,casey.anderson@example.com,881-775-1354
Jordan,Brown,Female,jordan.brown@example.com,272-774-8905
Morgan,Thomas,Female,morgan.thomas@example.com,448-783-8942
Jamie,Taylor,Non-binary,jamie.taylor@example.com,742-911-3838
Jordan,Doe,Female,jordan.doe@example.com,131-275-6016
John,Doe,Male,john.doe@example.com,267-757-6789
Jordan,Harris,Female,jordan.harris@example.com,291-938-2291
Pat,Thomas,Male,pat.thomas@example.com,531-318-3101
Jamie,Jackson,Female,jamie.jackson@example.com,840-630-2144
Jane,Johnson,Male,jane.johnson@example.com,855-535-3389
Jordan,Doe,Non-binary,jordan.doe@example.com,188-499-2115
John,Harris,Male,john.harris@example.com,726-546-7481
Chris,Doe,Female,chris.doe@example.com,864-405-3538
Alex,Jackson,Female,alex.jackson@example.com,236-903-9794
John,Taylor,Female,john.taylor@example.com,951-383-6853
Jane,Harris,Male,jane.harris@example.com,133-897-1522
John,Doe,Non-binary,john.doe@example.com,846-963-1170
Alex,Jackson,Female,alex.jackson@example.com,102-409-3051
Jamie,Anderson,Male,jamie.anderson@example.com,748-565-1575
Casey,Smith,Non-binary,casey.smith@example.com,439-322-6876
John,Anderson,Female,john.anderson@example.com,133-711-5698
Chris,Jackson,Non-binary,chris.jackson@example.com,194-872-7309
Pat,Jackson,Non-binary,pat.jackson@example.com,284-627-2521
Chris,Thomas,Non-binary,chris.thomas@example.com,816-504-2787
Jordan,Anderson,Non-binary,jordan.anderson@example.com,978-869-5671
Chris,White,Female,chris.white@example.com,318-784-6523
Jordan,Brown,Male,jordan.brown@example.com,768-662-8327
John,Jackson,Male,john.jackson@example.com,882-241-7800
Alex,Johnson,Male,alex.johnson@example.com,999-653-8077
Pat,Anderson,Female,pat.anderson@example.com,937-652-8298
Casey,Doe,Female,casey.doe@example.com,596-645-6669
Jane,Brown,Female,jane.brown@example.com,460-242-3925
Jordan,Johnson,Male,jordan.johnson@example.com,136-512-7504
Morgan,Thomas,Male,morgan.thomas@example.com,206-833-8881
Morgan,White,Male,morgan.white@example.com,544-540-3022
Taylor,Doe,Non-binary,taylor.doe@example.com,333-755-9888
Taylor,Doe,Male,taylor.doe@example.com,331-704-7333
Alex,Taylor,Male,alex.taylor@example.com,468-518-2156
Casey,Taylor,Non-binary,casey.taylor@example.com,414-664-5354
Taylor,Thomas,Female,taylor.thomas@example.com,695-358-9832
Jordan,Thomas,Non-binary,jordan.thomas@example.com,475-489-3788
Alex,Taylor,Non-binary,alex.taylor@example.com,262-201-2708
Chris,Thomas,Non-binary,chris.thomas@example.com,741-745-9723
Chris,Johnson,Female,chris.johnson@example.com,886-280-8183
Morgan,Taylor,Male,morgan.taylor@example.com,277-131-1689
Jane,Anderson,Male,jane.anderson@example.com,694-639-1433
Morgan,Harris,Female,morgan.harris@example.com,880-942-6279
John,Harris,Male,john.harris@example.com,159-814-7242
Chris,Smith,Non-binary,chris.smith@example.com,106-521-6442
Morgan,Anderson,Female,morgan.anderson@example.com,213-982-9151
Jane,Anderson,Non-binary,jane.anderson@example.com,614-845-9018
Jane,Smith,Male,jane.smith@example.com,118-393-4275
Morgan,Harris,Female,morgan.harris@example.com,802-167-3967
John,White,Male,john.white@example.com,939-891-3188
Pat,Doe,Male,pat.doe@example.com,529-889-4707
Morgan,Harris,Male,morgan.harris@example.com,300-797-7808
Jamie,Jackson,Male,jamie.jackson@example.com,242-113-6163
Alex,Thomas,Female,alex.thomas@example.com,270-780-6342
Alex,White,Male,alex.white@example.com,864-176-2507
Alex,Thomas,Female,alex.thomas@example.com,701-176-1677
Jane,Harris,Male,jane.harris@example.com,534-378-1149
Casey,Taylor,Male,casey.taylor@example.com,523-870-9369
Jamie,Smith,Female,jamie.smith@example.com,781-413-7997
Jane,Anderson,Female,jane.anderson@example.com,440-836-8462
Casey,Anderson,Male,casey.anderson@example.com,192-658-3611
Chris,Jackson,Male,chris.jackson@example.com,439-813-7385
Chris,Brown,Female,chris.brown@example.com,826-686-7033
Casey,Thomas,Non-binary,casey.thomas@example.com,807-725-8472
Pat,Doe,Male,pat.doe@example.com,124-165-8532
Jane,White,Male,jane.white@example.com,325-149-1705
Chris,Smith,Female,chris.smith@example.com,610-235-7285
Chris,Johnson,Male,chris.johnson@example.com,842-113-1881
Chris,Harris,Male,chris.harris@example.com,887-646-8990
Alex,Harris,Female,alex.harris@example.com,942-501-5748
Taylor,Taylor,Female,taylor.taylor@example.com,883-960-2131
Morgan,Brown,Female,morgan.brown@example.com,621-237-2216
John,Brown,Female,john.brown@example.com,158-211-2302
Chris,Anderson,Non-binary,chris.anderson@example.com,533-700-1050
Alex,Thomas,Female,alex.thomas@example.com,309-827-8082
Casey,Harris,Female,casey.harris@example.com,802-589-9167
Pat,Thomas,Non-binary,pat.thomas@example.com,355-762-2312
Jane,Doe,Male,jane.doe@example.com,643-216-9509
Pat,Jackson,Non-binary,pat.jackson@example.com,776-576-4360
Chris,Jackson,Male,chris.jackson@example.com,946-244-4639
Jane,White,Male,jane.white@example.com,721-602-7946
Jamie,Thomas,Non-binary,jamie.thomas@example.com,832-775-5828
Chris,Harris,Female,chris.harris@example.com,129-482-2134
Jane,Thomas,Female,jane.thomas@example.com,660-237-9934
John,Anderson,Non-binary,john.anderson@example.com,786-240-4482
Taylor,Anderson,Male,taylor.anderson@example.com,756-665-9060
Jane,Smith,Female,jane.smith@example.com,190-956-6223
Jordan,Johnson,Female,jordan.johnson@example.com,103-871-5609
Taylor,Anderson,Non-binary,taylor.anderson@example.com,302-320-2916
Alex,Jackson,Female,alex.jackson@example.com,928-895-4383
Alex,White,Female,alex.white@example.com,179-703-6827
Casey,White,Male,casey.white@example.com,947-395-2626
Casey,White,Non-binary,casey.white@example.com,756-570-4814
Casey,Brown,Non-binary,casey.brown@example.com,893-632-6173
Chris,Brown,Female,chris.brown@example.com,942-205-3682
Casey,Anderson,Male,casey.anderson@example.com,759-392-2120
Alex,Anderson,Female,alex.anderson@example.com,161-198-3824
Taylor,Harris,Male,taylor.harris@example.com,834-748-8140
Morgan,Thomas,Female,morgan.thomas@example.com,287-612-9098
Casey,Smith,Male,casey.smith@example.com,771-338-3457
Alex,Thomas,Female,alex.thomas@example.com,422-917-2945
Taylor,White,Male,taylor.white@example.com,414-718-8242
Pat,Brown,Female,pat.brown@example.com,347-200-8121
Chris,Taylor,Female,chris.taylor@example.com,348-715-8771
Jane,Jackson,Female,jane.jackson@example.com,245-342-7847
John,White,Male,john.white@example.com,805-522-7753
Pat,Smith,Female,pat.smith@example.com,418-427-4656
Morgan,Thomas,Male,morgan.thomas@example.com,784-639-5879
Jordan,Taylor,Non-binary,jordan.taylor@example.com,980-774-8409
John,White,Non-binary,john.white@example.com,818-276-1350
Alex,Smith,Female,alex.smith@example.com,144-854-6285
Taylor,Brown,Male,taylor.brown@example.com,248-691-1720
Jordan,Thomas,Male,jordan.thomas@example.com,818-357-4366
Morgan,White,Female,morgan.white@example.com,247-337-2623
Casey,Anderson,Male,casey.anderson@example.com,125-144-7604
Pat,Anderson,Non-binary,pat.anderson@example.com,103-467-1564
Jamie,Taylor,Non-binary,jamie.taylor@example.com,935-640-7132
John,Harris,Male,john.harris@example.com,263-610-8655
Taylor,White,Female,taylor.white@example.com,780-275-3326
Jane,Anderson,Female,jane.anderson@example.com,691-447-7603
Casey,Johnson,Female,casey.johnson@example.com,913-821-6768
Jamie,Johnson,Female,jamie.johnson@example.com,115-676-4860
Jamie,Anderson,Male,jamie.anderson@example.com,963-184-5074
Pat,Johnson,Non-binary,pat.johnson@example.com,285-938-9392
Casey,Harris,Non-binary,casey.harris@example.com,909-174-2321
Casey,Jackson,Female,casey.jackson@example.com,324-655-6263
Alex,White,Male,alex.white@example.com,443-400-3744
Taylor,Taylor,Male,taylor.taylor@example.com,669-517-7329
Casey,Harris,Male,casey.harris@example.com,840-393-1816
John,Brown,Male,john.brown@example.com,871-415-8566
Jane,Anderson,Male,jane.anderson@example.com,462-594-8209
Pat,Anderson,Non-binary,pat.anderson@example.com,137-892-1176
Casey,Smith,Non-binary,casey.smith@example.com,258-204-4307
Casey,Brown,Male,casey.brown@example.com,325-625-5414
Morgan,Brown,Female,morgan.brown@example.com,688-353-5926
Jamie,Thomas,Non-binary,jamie.thomas@example.com,844-441-9127
Alex,Johnson,Non-binary,alex.johnson@example.com,949-519-3843
Jane,Smith,Non-binary,jane.smith@example.com,122-773-2891
Jamie,Anderson,Non-binary,jamie.anderson@example.com,682-634-6972
Chris,Thomas,Female,chris.thomas@example.com,209-755-7691
Casey,Brown,Female,casey.brown@example.com,748-470-4542
Taylor,Smith,Male,taylor.smith@example.com,813-928-3247
Jordan,Jackson,Male,jordan.jackson@example.com,163-803-7333
John,Jackson,Female,john.jackson@example.com,632-602-3471
Casey,Johnson,Non-binary,casey.johnson@example.com,582-289-9086
Jamie,Jackson,Non-binary,jamie.jackson@example.com,244-315-1975
Morgan,Doe,Non-binary,morgan.doe@example.com,897-796-2891
Pat,Harris,Non-binary,pat.harris@example.com,979-570-9815
Chris,Thomas,Non-binary,chris.thomas@example.com,549-399-9980
Jordan,White,Male,jordan.white@example.com,391-162-6951
Morgan,Jackson,Non-binary,morgan.jackson@example.com,355-331-5451
Jamie,Taylor,Non-binary,jamie.taylor@example.com,585-953-6537
Pat,Brown,Non-binary,pat.brown@example.com,544-560-6735
Pat,Taylor,Female,pat.taylor@example.com,477-132-1622
Jamie,Smith,Non-binary,jamie.smith@example.com,990-579-1393
Alex,Taylor,Non-binary,alex.taylor@example.com,895-265-1910
Taylor,Anderson,Non-binary,taylor.anderson@example.com,745-807-8494
Taylor,Smith,Non-binary,taylor.smith@example.com,843-169-4757
Jordan,Smith,Non-binary,jordan.smith@example.com,109-132-6599
John,Anderson,Non-binary,john.anderson@example.com,721-563-8451
Morgan,Smith,Female,morgan.smith@example.com,170-999-6583
Jordan,Thomas,Male,jordan.thomas@example.com,190-805-7887
Pat,Smith,Male,pat.smith@example.com,555-327-5664
Pat,Taylor,Non-binary,pat.taylor@example.com,504-577-9243
Chris,Johnson,Female,chris.johnson@example.com,555-942-4247
Morgan,Taylor,Male,morgan.taylor@example.com,207-167-6533
Pat,Johnson,Non-binary,pat.johnson@example.com,541-502-4573
Jane,Taylor,Female,jane.taylor@example.com,409-518-2685
Alex,Jackson,Female,alex.jackson@example.com,370-661-5245
John,Johnson,Female,john.johnson@example.com,313-973-6639
Morgan,Smith,Female,morgan.smith@example.com,196-552-6855
John,Taylor,Male,john.taylor@example.com,295-800-6234
Jamie,Smith,Non-binary,jamie.smith@example.com,213-552-4483
Pat,Doe,Non-binary,pat.doe@example.com,850-561-7271
Jamie,Taylor,Female,jamie.taylor@example.com,551-195-4149
Casey,Smith,Non-binary,casey.smith@example.com,995-875-5689
Chris,Harris,Non-binary,chris.harris@example.com,207-439-5988
Pat,Thomas,Male,pat.thomas@example.com,849-730-7680
Taylor,Thomas,Non-binary,taylor.thomas@example.com,121-809-7669
Chris,White,Male,chris.white@example.com,550-930-5058
Taylor,Harris,Male,taylor.harris@example.com,728-184-7425
Alex,Smith,Female,alex.smith@example.com,243-123-7412
Jamie,Anderson,Male,jamie.anderson@example.com,473-204-8618
Morgan,Anderson,Male,morgan.anderson@example.com,859-739-8534
Pat,Thomas,Male,pat.thomas@example.com,552-717-8811
Casey,Anderson,Female,casey.anderson@example.com,871-466-6497
Jane,Jackson,Female,jane.jackson@example.com,777-295-3133
Jamie,Harris,Male,jamie.harris@example.com,927-407-4622
Chris,Brown,Male,chris.brown@example.com,654-777-2755
Alex,Smith,Male,alex.smith@example.com,211-176-7887
Alex,Taylor,Non-binary,alex.taylor@example.com,670-466-5630
Chris,Taylor,Non-binary,chris.taylor@example.com,381-760-2014
Alex,Anderson,Male,alex.anderson@example.com,335-252-4652
Jordan,Taylor,Male,jordan.taylor@example.com,765-942-4938
John,Smith,Non-binary,john.smith@example.com,159-122-1870
Jane,Doe,Female,jane.doe@example.com,422-755-3664
Casey,Smith,Female,casey.smith@example.com,281-753-1558
Alex,Jackson,Male,alex.jackson@example.com,146-192-1265
Jamie,White,Non-binary,jamie.white@example.com,133-924-7349
Casey,Smith,Female,casey.smith@example.com,117-319-9764
Morgan,Doe,Male,morgan.doe@example.com,522-667-1379
Jamie,Jackson,Male,jamie.jackson@example.com,235-854-7147
Alex,Harris,Male,alex.harris@example.com,851-607-1916
Pat,Smith,Female,pat.smith@example.com,884-754-8334
Chris,Jackson,Male,chris.jackson@example.com,359-714-2997
John,Harris,Female,john.harris@example.com,904-213-5858
Casey,Thomas,Non-binary,casey.thomas@example.com,171-249-2226
Casey,Jackson,Non-binary,casey.jackson@example.com,541-673-8239
Casey,Taylor,Non-binary,casey.taylor@example.com,194-533-5268
Pat,Jackson,Male,pat.jackson@example.com,430-518-8677
Jane,Anderson,Female,jane.anderson@example.com,727-331-8258
Jane,Smith,Female,jane.smith@example.com,925-500-4730
Taylor,Doe,Non-binary,taylor.doe@example.com,932-403-1149
Morgan,Jackson,Female,morgan.jackson@example.com,113-988-9079
Pat,Doe,Female,pat.doe@example.com,231-250-4850
John,Taylor,Female,john.taylor@example.com,529-142-8135
Alex,Johnson,Female,alex.johnson@example.com,115-635-7744
Pat,Taylor,Male,pat.taylor@example.com,922-470-3499
Chris,Anderson,Female,chris.anderson@example.com,271-319-6388
Taylor,Smith,Female,taylor.smith@example.com,363-411-6525
Jane,Taylor,Non-binary,jane.taylor@example.com,290-390-4246
Morgan,Taylor,Female,morgan.taylor@example.com,612-872-5547
Casey,Smith,Non-binary,casey.smith@example.com,467-344-1872
John,Brown,Female,john.brown@example.com,337-150-1846
Taylor,Johnson,Non-binary,taylor.johnson@example.com,790-536-7096
Jane,Smith,Non-binary,jane.smith@example.com,557-229-5455
Jane,Jackson,Female,jane.jackson@example.com,601-291-2675
Pat,Brown,Female,pat.brown@example.com,969-247-6894
Casey,Smith,Non-binary,casey.smith@example.com,375-138-2533
Alex,Taylor,Female,alex.taylor@example.com,486-347-6073
Jane,Smith,Non-binary,jane.smith@example.com,601-488-5783
Jordan,Doe,Non-binary,jordan.doe@example.com,393-290-5243
Pat,Johnson,Male,pat.johnson@example.com,920-979-5041
Alex,Johnson,Non-binary,alex.johnson@example.com,585-809-9267
Chris,Smith,Non-binary,chris.smith@example.com,652-462-7721
Alex,Thomas,Male,alex.thomas@example.com,137-955-7132
Taylor,Johnson,Female,taylor.johnson@example.com,431-728-2334
Taylor,Smith,Non-binary,taylor.smith@example.com,130-167-3604
Jane,Anderson,Male,jane.anderson@example.com,457-824-2241
John,Harris,Non-binary,john.harris@example.com,506-826-5788
Jane,Harris,Female,jane.harris@example.com,888-761-8029
Casey,Johnson,Non-binary,casey.johnson@example.com,656-844-8058
Taylor,Thomas,Non-binary,taylor.thomas@example.com,519-560-3019
Alex,Harris,Male,alex.harris@example.com,452-961-7746
Taylor,Anderson,Non-binary,taylor.anderson@example.com,379-403-1868
Jordan,Thomas,Female,jordan.thomas@example.com,299-601-4742
Pat,Smith,Male,pat.smith@example.com,944-987-9035
Morgan,Smith,Non-binary,morgan.smith@example.com,425-326-9661
John,White,Female,john.white@example.com,379-595-9713
Taylor,Johnson,Female,taylor.johnson@example.com,300-412-5612
Jordan,Johnson,Male,jordan.johnson@example.com,469-165-6786
Alex,Anderson,Female,alex.anderson@example.com,985-295-8975
Casey,Anderson,Non-binary,casey.anderson@example.com,967-442-9699
Casey,Brown,Female,casey.brown@example.com,718-993-3869
Jordan,Johnson,Non-binary,jordan.johnson@example.com,132-568-8376
Taylor,Taylor,Male,taylor.taylor@example.com,600-650-9710
Casey,Thomas,Female,casey.thomas@example.com,243-811-2004
Alex,Smith,Non-binary,alex.smith@example.com,321-457-4446
Pat,Thomas,Female,pat.thomas@example.com,395-505-4522
Alex,Smith,Female,alex.smith@example.com,660-893-1951
Jamie,White,Non-binary,jamie.white@example.com,239-470-9885
Jordan,Jackson,Female,jordan.jackson@example.com,527-316-1656
Jamie,Brown,Male,jamie.brown@example.com,190-188-2509
Taylor,Taylor,Non-binary,taylor.taylor@example.com,811-358-7170
Jamie,Harris,Non-binary,jamie.harris@example.com,788-341-6824
Jamie,Brown,Non-binary,jamie.brown@example.com,334-517-9152
Alex,Taylor,Non-binary,alex.taylor@example.com,766-735-3708
Morgan,Brown,Female,morgan.brown@example.com,493-412-3146
Jordan,Taylor,Non-binary,jordan.taylor@example.com,946-724-5118
John,Doe,Non-binary,john.doe@example.com,213-284-2377
Jordan,Johnson,Non-binary,jordan.johnson@example.com,163-424-3117
Taylor,Harris,Non-binary,taylor.harris@example.com,449-764-5615
Jordan,Brown,Female,jordan.brown@example.com,335-365-2080
Morgan,Taylor,Non-binary,morgan.taylor@example.com,905-519-2626
Jamie,Harris,Female,jamie.harris@example.com,916-549-8950
John,White,Female,john.white@example.com,193-467-3011
Morgan,Johnson,Male,morgan.johnson@example.com,235-676-6281
Pat,Jackson,Non-binary,pat.jackson@example.com,951-220-4170
Chris,Harris,Female,chris.harris@example.com,524-119-2645
Jane,Taylor,Male,jane.taylor@example.com,641-201-1509
Pat,Harris,Male,pat.harris@example.com,399-469-3105
Jamie,White,Male,jamie.white@example.com,153-114-7515
Pat,Taylor,Male,pat.taylor@example.com,432-796-3255
Pat,Smith,Male,pat.smith@example.com,333-345-7146
Taylor,Thomas,Female,taylor.thomas@example.com,477-755-4542
Pat,Anderson,Male,pat.anderson@example.com,768-832-2978
Jordan,Harris,Male,jordan.harris@example.com,120-474-9428
Morgan,Harris,Non-binary,morgan.harris@example.com,476-291-6292
Jane,Johnson,Non-binary,jane.johnson@example.com,379-238-7538
Casey,Doe,Male,casey.doe@example.com,895-307-4838
Pat,Smith,Non-binary,pat.smith@example.com,515-820-8736
Taylor,Doe,Male,taylor.doe@example.com,742-697-5607
Jane,Smith,Non-binary,jane.smith@example.com,961-227-6311
Jamie,Thomas,Non-binary,jamie.thomas@example.com,782-127-7950
John,Brown,Non-binary,john.brown@example.com,955-370-6594
Taylor,Anderson,Male,taylor.anderson@example.com,406-527-2334
Taylor,Anderson,Non-binary,taylor.anderson@example.com,554-755-4488
Chris,Thomas,Female,chris.thomas@example.com,970-561-7634
Jordan,White,Female,jordan.white@example.com,101-355-2762
Morgan,White,Male,morgan.white@example.com,406-602-9029
Jordan,Smith,Female,jordan.smith@example.com,510-713-9277
Taylor,Smith,Non-binary,taylor.smith@example.com,463-106-6962
Alex,Johnson,Male,alex.johnson@example.com,351-786-4177
Jane,Smith,Non-binary,jane.smith@example.com,685-955-1118
John,White,Female,john.white@example.com,431-429-2118
Pat,Anderson,Male,pat.anderson@example.com,950-365-5717
Alex,Johnson,Male,alex.johnson@example.com,872-122-9636
Alex,Harris,Male,alex.harris@example.com,369-824-6068
Jordan,White,Female,jordan.white@example.com,808-540-5237
Morgan,Smith,Female,morgan.smith@example.com,322-461-1159
Jane,Doe,Non-binary,jane.doe@example.com,781-250-7516
John,Smith,Female,john.smith@example.com,458-516-4932
Morgan,Johnson,Male,morgan.johnson@example.com,312-609-5471
Casey,Jackson,Female,casey.jackson@example.com,214-119-9794
Casey,Jackson,Female,casey.jackson@example.com,640-532-1364
Jane,Doe,Female,jane.doe@example.com,490-441-9809
Jordan,Anderson,Female,jordan.anderson@example.com,301-801-4840
Jamie,Brown,Female,jamie.brown@example.com,340-548-8037
Alex,White,Male,alex.white@example.com,603-367-7306
Jamie,Thomas,Female,jamie.thomas@example.com,441-407-5133
Taylor,Brown,Male,taylor.brown@example.com,828-379-1933
Taylor,Thomas,Female,taylor.thomas@example.com,135-807-7795
Morgan,Anderson,Non-binary,morgan.anderson@example.com,304-152-3037
Pat,Thomas,Non-binary,pat.thomas@example.com,629-709-1289
Chris,Taylor,Male,chris.taylor@example.com,539-362-4299
Alex,Anderson,Male,alex.anderson@example.com,958-282-7790
Casey,White,Female,casey.white@example.com,821-889-4092
Chris,White,Female,chris.white@example.com,729-588-7114
Chris,Doe,Female,chris.doe@example.com,627-635-3160
Jordan,Anderson,Female,jordan.anderson@example.com,605-592-2108
John,Harris,Male,john.harris@example.com,742-271-9927
Morgan,Jackson,Female,morgan.jackson@example.com,769-420-7990
John,Johnson,Non-binary,john.johnson@example.com,644-779-1111
Casey,White,Non-binary,casey.white@example.com,784-213-8763
Alex,Johnson,Non-binary,alex.johnson@example.com,643-439-9587
Casey,Smith,Non-binary,casey.smith@example.com,377-631-8187
Jamie,Doe,Male,jamie.doe@example.com,597-897-2914
Taylor,Harris,Female,taylor.harris@example.com,396-491-1102
Taylor,Doe,Male,taylor.doe@example.com,446-173-8598
Morgan,Johnson,Female,morgan.johnson@example.com,861-229-7231
Alex,Doe,Male,alex.doe@example.com,313-507-9728
Jamie,White,Non-binary,jamie.white@example.com,185-348-5534
Jane,Thomas,Female,jane.thomas@example.com,903-590-3989
John,Smith,Male,john.smith@example.com,834-597-3327
John,Smith,Male,john.smith@example.com,756-958-3656
Jordan,Taylor,Non-binary,jordan.taylor@example.com,720-783-6217
Jamie,Doe,Non-binary,jamie.doe@example.com,864-436-5121
Pat,Doe,Non-binary,pat.doe@example.com,664-190-9196
John,Johnson,Female,john.johnson@example.com,316-411-9961
Casey,Harris,Non-binary,casey.harris@example.com,900-379-2128
Jamie,Harris,Female,jamie.harris@example.com,221-294-1086
Jane,Brown,Non-binary,jane.brown@example.com,862-957-5111
Chris,Taylor,Non-binary,chris.taylor@example.com,149-900-4717
Pat,Jackson,Non-binary,pat.jackson@example.com,638-796-7830
John,Brown,Non-binary,john.brown@example.com,491-275-6877
Jordan,Doe,Female,jordan.doe@example.com,746-897-8968
Taylor,Doe,Non-binary,taylor.doe@example.com,901-967-3077
Jane,Brown,Male,jane.brown@example.com,636-479-4417
Alex,Taylor,Non-binary,alex.taylor@example.com,648-951-8140
Alex,Harris,Male,alex.harris@example.com,564-747-8676
Pat,Brown,Female,pat.brown@example.com,226-233-7495
Alex,Taylor,Female,alex.taylor@example.com,531-482-4137
Alex,Thomas,Female,alex.thomas@example.com,357-504-6836
Jamie,Johnson,Non-binary,jamie.johnson@example.com,620-711-3317
Jordan,Thomas,Male,jordan.thomas@example.com,909-895-1662
Taylor,White,Male,taylor.white@example.com,629-175-8382
Casey,Smith,Female,casey.smith@example.com,465-212-7661
Chris,Jackson,Male,chris.jackson@example.com,690-491-1999
Pat,Taylor,Non-binary,pat.taylor@example.com,160-403-7132
Pat,Thomas,Non-binary,pat.thomas@example.com,816-654-8950
John,Brown,Female,john.brown@example.com,308-214-6430
Casey,White,Female,casey.white@example.com,762-772-8907
Jane,Smith,Male,jane.smith@example.com,172-834-9614
Jane,Harris,Female,jane.harris@example.com,299-465-7362
Jamie,White,Female,jamie.white@example.com,540-875-6872
Pat,Johnson,Female,pat.johnson@example.com,367-158-6831
Jordan,Anderson,Male,jordan.anderson@example.com,828-828-4728
John,White,Female,john.white@example.com,574-317-1322
Alex,Jackson,Female,alex.jackson@example.com,144-265-7223
Jamie,Harris,Male,jamie.harris@example.com,813-983-8095
Jamie,White,Female,jamie.white@example.com,624-640-1542
John,Harris,Male,john.harris@example.com,295-282-8794
Pat,Johnson,Non-binary,pat.johnson@example.com,868-484-4059
Alex,Smith,Female,alex.smith@example.com,342-590-8711
Casey,Brown,Male,casey.brown@example.com,887-837-5375
John,Taylor,Female,john.taylor@example.com,754-505-7233
Chris,Doe,Male,chris.doe@example.com,288-417-6200
Pat,White,Female,pat.white@example.com,378-517-7911
Taylor,Brown,Non-binary,taylor.brown@example.com,864-327-6857
Chris,Brown,Male,chris.brown@example.com,617-288-1265
Jamie,Anderson,Female,jamie.anderson@example.com,834-620-8942
Casey,Smith,Male,casey.smith@example.com,444-438-6912
Morgan,White,Non-binary,morgan.white@example.com,139-839-1364
Alex,Thomas,Female,alex.thomas@example.com,921-995-5516
Jordan,White,Male,jordan.white@example.com,194-485-9575
Jane,Brown,Non-binary,jane.brown@example.com,570-387-9255
Jordan,Brown,Non-binary,jordan.brown@example.com,372-978-8908
Jordan,Johnson,Female,jordan.johnson@example.com,769-759-2488
Casey,Jackson,Female,casey.jackson@example.com,997-943-6159
Alex,Brown,Non-binary,alex.brown@example.com,752-397-2289
Alex,Brown,Male,alex.brown@example.com,959-785-3476
Pat,Smith,Male,pat.smith@example.com,451-352-8167
Jamie,Harris,Non-binary,jamie.harris@example.com,742-640-2695
Jane,Thomas,Non-binary,jane.thomas@example.com,305-520-3171
Chris,Brown,Female,chris.brown@example.com,795-387-4959
Taylor,Jackson,Female,taylor.jackson@example.com,328-782-4146
Taylor,Johnson,Female,taylor.johnson@example.com,714-484-8550
Pat,Brown,Female,pat.brown@example.com,429-716-4671
Jordan,Smith,Male,jordan.smith@example.com,620-331-2070
Chris,Jackson,Female,chris.jackson@example.com,950-855-4614
Jamie,Johnson,Non-binary,jamie.johnson@example.com,206-863-8904
Chris,Brown,Female,chris.brown@example.com,558-271-9790
John,Smith,Male,john.smith@example.com,801-904-4024
John,White,Female,john.white@example.com,250-662-8458
John,Harris,Non-binary,john.harris@example.com,610-435-6402
Chris,Thomas,Female,chris.thomas@example.com,813-935-5462
Pat,Doe,Male,pat.doe@example.com,113-696-7504
Casey,White,Non-binary,casey.white@example.com,146-108-1563
Chris,Thomas,Non-binary,chris.thomas@example.com,791-215-6725
Alex,Taylor,Non-binary,alex.taylor@example.com,626-852-8105
Jane,Taylor,Male,jane.taylor@example.com,970-443-6546
John,Doe,Male,john.doe@example.com,768-804-1460
Jordan,White,Male,jordan.white@example.com,235-111-6588
Alex,Harris,Non-binary,alex.harris@example.com,331-723-8454
Jordan,Taylor,Non-binary,jordan.taylor@example.com,168-614-6625
Pat,Taylor,Non-binary,pat.taylor@example.com,625-541-2015
Casey,Brown,Non-binary,casey.brown@example.com,646-585-3941
John,White,Male,john.white@example.com,197-279-6030
Chris,Harris,Male,chris.harris@example.com,862-487-5210
Taylor,Anderson,Non-binary,taylor.anderson@example.com,445-699-4081
Morgan,Taylor,Female,morgan.taylor@example.com,250-117-2917
Chris,Jackson,Male,chris.jackson@example.com,121-650-1486
Jane,White,Male,jane.white@example.com,739-243-4653
John,Jackson,Non-binary,john.jackson@example.com,754-929-1058
Pat,Thomas,Male,pat.thomas@example.com,999-947-9408
Pat,Jackson,Male,pat.jackson@example.com,700-404-9783
Morgan,Thomas,Non-binary,morgan.thomas@example.com,651-483-4216
Chris,White,Male,chris.white@example.com,686-737-3081
Casey,Smith,Non-binary,casey.smith@example.com,249-587-8441
Chris,Smith,Non-binary,chris.smith@example.com,865-412-6553
Chris,Johnson,Male,chris.johnson@example.com,978-650-5051
Morgan,Brown,Non-binary,morgan.brown@example.com,604-504-3090
Chris,White,Non-binary,chris.white@example.com,575-181-4267
John,Harris,Female,john.harris@example.com,318-647-2454
Jamie,Jackson,Female,jamie.jackson@example.com,156-582-4023
Morgan,Johnson,Non-binary,morgan.johnson@example.com,675-794-7213
Morgan,Jackson,Male,morgan.jackson@example.com,870-976-5197
Chris,Harris,Male,chris.harris@example.com,791-934-7032
Jamie,Harris,Female,jamie.harris@example.com,982-882-3389
Chris,Jackson,Non-binary,chris.jackson@example.com,341-559-3516
Jamie,Thomas,Male,jamie.thomas@example.com,741-994-7584
Jane,Thomas,Female,jane.thomas@example.com,972-372-5042
Alex,Johnson,Male,alex.johnson@example.com,148-392-9805
Morgan,Brown,Male,morgan.brown@example.com,268-683-7095
Chris,Doe,Non-binary,chris.doe@example.com,226-203-8151
Taylor,Taylor,Non-binary,taylor.taylor@example.com,633-816-9717
John,Brown,Male,john.brown@example.com,713-925-1037
Jane,Smith,Non-binary,jane.smith@example.com,211-606-2385
Morgan,Brown,Male,morgan.brown@example.com,432-380-1917
Jamie,White,Non-binary,jamie.white@example.com,514-500-4406
Alex,Johnson,Non-binary,alex.johnson@example.com,152-290-3552
Taylor,Johnson,Female,taylor.johnson@example.com,582-375-3308
Jordan,Brown,Male,jordan.brown@example.com,734-548-3183
Pat,Taylor,Male,pat.taylor@example.com,383-631-8130
Casey,Thomas,Female,casey.thomas@example.com,997-939-3716
John,Harris,Male,john.harris@example.com,375-830-9112
Jane,Taylor,Female,jane.taylor@example.com,602-533-5347
Casey,Jackson,Male,casey.jackson@example.com,606-683-1210
Pat,White,Male,pat.white@example.com,973-865-5385
Pat,Jackson,Male,pat.jackson@example.com,676-201-8369
Casey,Johnson,Male,casey.johnson@example.com,768-180-2737
Jordan,Thomas,Non-binary,jordan.thomas@example.com,839-930-8723
John,Brown,Female,john.brown@example.com,387-191-9857
Taylor,Doe,Non-binary,taylor.doe@example.com,437-115-1861
Jordan,Anderson,Male,jordan.anderson@example.com,194-933-5916
Jane,Jackson,Female,jane.jackson@example.com,447-490-8556
Jamie,Johnson,Non-binary,jamie.johnson@example.com,558-872-5725
Alex,Smith,Female,alex.smith@example.com,614-749-8722
Jane,Thomas,Male,jane.thomas@example.com,809-782-9184
Jordan,Brown,Male,jordan.brown@example.com,957-729-8509
Pat,Jackson,Non-binary,pat.jackson@example.com,364-185-7585
Chris,White,Male,chris.white@example.com,695-764-1323
Jane,Jackson,Female,jane.jackson@example.com,103-556-2648
Jamie,Anderson,Male,jamie.anderson@example.com,851-986-7399
Pat,Anderson,Non-binary,pat.anderson@example.com,213-486-6144
Taylor,Anderson,Female,taylor.anderson@example.com,920-153-6395
Taylor,Smith,Male,taylor.smith@example.com,286-747-3010
Alex,Doe,Non-binary,alex.doe@example.com,584-541-1002
Jamie,Taylor,Non-binary,jamie.taylor@example.com,470-986-6160
John,Smith,Male,john.smith@example.com,619-890-3183
Jane,Anderson,Male,jane.anderson@example.com,254-438-4434
Jane,Jackson,Non-binary,jane.jackson@example.com,520-193-3002
Morgan,Jackson,Female,morgan.jackson@example.com,609-959-7746
Jordan,Jackson,Non-binary,jordan.jackson@example.com,850-953-4719
Pat,Brown,Male,pat.brown@example.com,204-826-9114
John,Johnson,Non-binary,john.johnson@example.com,782-186-5137
Chris,Doe,Male,chris.doe@example.com,608-705-5776
Casey,Harris,Non-binary,casey.harris@example.com,760-654-9756
Jordan,Thomas,Non-binary,jordan.thomas@example.com,307-578-4824
Casey,Smith,Female,casey.smith@example.com,367-925-8482
Morgan,Jackson,Female,morgan.jackson@example.com,871-221-2612
Jordan,Brown,Female,jordan.brown@example.com,819-690-4895
Jordan,Doe,Non-binary,jordan.doe@example.com,211-986-7153
Jamie,Thomas,Non-binary,jamie.thomas@example.com,223-407-8017
Taylor,Taylor,Male,taylor.taylor@example.com,402-854-5224
Chris,Brown,Non-binary,chris.brown@example.com,367-698-1766
Taylor,Taylor,Non-binary,taylor.taylor@example.com,135-987-7718
Jane,Brown,Female,jane.brown@example.com,884-328-2726
Jane,Harris,Female,jane.harris@example.com,519-378-9670
Jane,Taylor,Female,jane.taylor@example.com,210-260-3333
Alex,Jackson,Male,alex.jackson@example.com,404-456-3518
Jamie,Anderson,Female,jamie.anderson@example.com,276-472-7599
John,Anderson,Female,john.anderson@example.com,226-542-2320
Chris,Thomas,Non-binary,chris.thomas@example.com,345-700-1364
Casey,Doe,Female,casey.doe@example.com,990-667-5958
Jane,Brown,Non-binary,jane.brown@example.com,978-742-2376
Pat,Smith,Male,pat.smith@example.com,580-867-1303
Chris,Thomas,Female,chris.thomas@example.com,588-599-8116
Alex,Johnson,Female,alex.johnson@example.com,162-732-9067
Jordan,Jackson,Female,jordan.jackson@example.com,783-901-5751
John,Smith,Female,john.smith@example.com,137-825-4872
Morgan,Smith,Female,morgan.smith@example.com,911-633-3109
Pat,Smith,Male,pat.smith@example.com,361-724-4183
Pat,Harris,Male,pat.harris@example.com,554-546-4370
Jordan,Taylor,Male,jordan.taylor@example.com,132-509-4748
Jane,Anderson,Male,jane.anderson@example.com,563-983-4786
Morgan,Thomas,Non-binary,morgan.thomas@example.com,390-355-1059
Taylor,Thomas,Male,taylor.thomas@example.com,327-893-9814
Morgan,Anderson,Female,morgan.anderson@example.com,445-564-3752
Casey,White,Non-binary,casey.white@example.com,345-810-5387
Jamie,Anderson,Female,jamie.anderson@example.com,854-376-4746
Chris,Brown,Female,chris.brown@example.com,107-840-9600
Jamie,Harris,Female,jamie.harris@example.com,243-434-4783
Morgan,Doe,Non-binary,morgan.doe@example.com,577-314-8113
Pat,Doe,Female,pat.doe@example.com,197-527-9387
Casey,Doe,Male,casey.doe@example.com,894-217-2051
Alex,White,Non-binary,alex.white@example.com,350-816-4280
Alex,Smith,Male,alex.smith@example.com,404-535-9850
John,Anderson,Non-binary,john.anderson@example.com,969-239-4475
Casey,Thomas,Female,casey.thomas@example.com,846-604-6341
Jamie,Taylor,Female,jamie.taylor@example.com,231-616-2072
Chris,Jackson,Female,chris.jackson@example.com,213-384-9277
